Gene,Mutation,HGVSp,"Local Int. (Binding with MCM2_7PLO, heterodimer, Rosetta Talaris 2014, kcal/mol) [md]",EVE score,GEMME Score,"Local Int. (Binding with LASP1_AFmulti_Huri, heterodimer, Rosetta Talaris 2014, kcal/mol) [md]","Local Int. With DNA (6S1M_APT, heterodimer, FoldX5, kcal/mol) [md]","Local Int. (Binding with PCNA_9B8T_AC, heterodimer, Rosetta Talaris 2014, kcal/mol) [md]","Local Int. (Binding with PCNA_9B8T_AD, heterodimer, FoldX5, kcal/mol) [md]",AlphaMissense pathogenicity score,"Local Int. (Binding with PCNA_9B8T_AB, heterodimer, FoldX5, kcal/mol) [md]",REVEL score,"Local Int. With DNA (6S1O_APT, heterodimer, FoldX5, kcal/mol) [md]","Local Int. With DNA (6TNZ_APT, heterodimer, FoldX5, kcal/mol) [md]","Stability (RaSP, kcal/mol) [md_25]","Local Int. (Binding with POLD4_AFmulti, heterodimer, Rosetta Talaris 2014, kcal/mol) [md]","Local Int. (Binding with POLE2_7PLO, heterodimer, Rosetta Talaris 2014, kcal/mol) [md]","Local Int. (Binding with CDC45_7PLO, heterodimer, FoldX5, kcal/mol) [md]","Local Int. (Binding with POLD4_AFmulti, heterodimer, FoldX5, kcal/mol) [md]",EFoldMine score,"Local Int. With DNA (6S1N_APT, heterodimer, FoldX5, kcal/mol) [md]","Local Int. (Binding with PCNA_9B8T_AD, heterodimer, Rosetta Talaris 2014, kcal/mol) [md]","Local Int. (Binding with PCNA_AFmulti, heterodimer, FoldX5, kcal/mol) [md]","Local Int. (Binding with MCM5_7PLO, heterodimer, Rosetta Talaris 2014, kcal/mol) [md]","Local Int. With DNA (9B8S_27-1198_retromut_open, heterodimer, FoldX5, kcal/mol) [md]",DeMaSk delta fitness,"Change in stability with PTM (FoldX5, kcal/mol) [md]","Local Int. (Binding with POLE2_7PLO, heterodimer, FoldX5, kcal/mol) [md]","Local Int. With DNA (9F6L_27-1175_mismatch_excision, heterodimer, FoldX5, kcal/mol) [md]","Local Int. With DNA (9B8T_24-1198_retromut_closed, heterodimer, FoldX5, kcal/mol) [md]","Local Int. With DNA (6TNY_APT, heterodimer, FoldX5, kcal/mol) [md]",Relative Side Chain Solvent Accessibility in wild-type (average) [md],"Local Int. (Binding with POLD2_6TNY, heterodimer, FoldX5, kcal/mol) [md]","Local Int. With DNA (9F6K_27-1175_frayed, heterodimer, FoldX5, kcal/mol) [md]","Local Int. With DNA (9F6I_27-1175_retromut_arrest, heterodimer, FoldX5, kcal/mol) [md]","Local Int. (Binding with PCNA_9B8T_AC, heterodimer, FoldX5, kcal/mol) [md]","Local Int. (Binding with CDC45_7PLO, heterodimer, Rosetta Talaris 2014, kcal/mol) [md]","Local Int. (Binding with PCNA_9B8T_AB, heterodimer, Rosetta Talaris 2014, kcal/mol) [md]","Local Int. (Binding with MCM2_7PLO, heterodimer, FoldX5, kcal/mol) [md]","Local Int. (Binding with PCNA_AFmulti, heterodimer, Rosetta Talaris 2014, kcal/mol) [md]","Local Int. (Binding with POLD2_6TNY, heterodimer, Rosetta Talaris 2014, kcal/mol) [md]","Stability (FoldX5, kcal/mol) [md_25]","Local Int. (Binding with LASP1_AFmulti_Huri, heterodimer, FoldX5, kcal/mol) [md]",max_local_int_ddg_protein,max_local_int_ddg_dna,max_local_int_ddg_dna_pos,max_local_int_ddg_dna_neg,stability_combined_ddg,MAVISp_label,MAVISp_label_binary
POLE,S297F,NP_006222:p.Ser297Phe,,0.8392992047827125,-7.16702948342734,,,,,0.9992,,0.799,,,-0.6614860855376243,,,,,0.31,,,,,,-0.3582,,,-0.002,,,28.492,,,,,,,,,,4.36434,,,0.002,,0.002,1.851426957231188,P/LP,1
POLE,A341V,NP_006222:p.Ala341Val,,9.85767258087612e-15,-0.0289273635874039,,,,,0.0662,,0.064,,,0.0009397784137493,,,,,0.02,,,,,,0.0582,,,,,,0.393,,,,,,,,,,0.79372,,,,,,0.3973298892068746,B/LB,0
POLE,N363K,NP_006222:p.Asn363Lys,,0.8566721852711945,-7.07752795972421,,,,,0.9948,,0.735,,,0.7999013914291774,,,,,0.026,,,,,,-0.3278,,,-1.64034,,,29.077,,1.20573,,,,,,,,-0.47493,,,1.64034,1.20573,1.64034,0.16248569571458868,P/LP,1
POLE,L424V,NP_006222:p.Leu424Val,,0.8564462808533373,-4.59337450435688,,,,,0.9565,,0.654,,,1.3127567814486767,,,,,0.018,,,,,,-0.3297,,,-0.38607,,,31.001,,0.08975,,,,,,,,2.00102,,,0.38607,0.08975,0.38607,1.6568883907243384,P/LP,1
POLE,P436R,NP_006222:p.Pro436Arg,,0.7926652080874252,-7.63862987923032,,,,,0.9966,,0.592,,,0.123170207328654,,,,,0.025,,,,,,-0.3973,,,,,,0.0,,,,,,,,,,3.13134,,,,,,1.6272551036643268,P/LP,1
POLE,P436S,NP_006222:p.Pro436Ser,,0.8553129465706379,-7.63862987923032,,,,,0.9939,,0.524,,,0.5524348386441664,,,,,0.025,,,,,,-0.3272,,,,,,0.0,,,,,,,,,,2.22269,,,,,,1.3875624193220832,P/LP,1
POLE,Y458F,NP_006222:p.Tyr458Phe,,0.8570469189914263,-4.72104763930477,,,,,0.87,,0.492,,,0.12821784807133,,,,,0.091,,,,,,-0.2893,,,0.0,,,9.576,,,,,,,,,,-0.05752,,,0.0,,,0.035348924035664996,P/LP,1
POLE,Y458H,NP_006222:p.Tyr458His,,0.8566932634654797,-4.72104763930477,,,,,0.999,,0.635,,,1.7666875119000411,,,,,0.091,,,,,,-0.3595,,,0.0,,,9.576,,,,,,,,,,1.95225,,,0.0,,,1.8594687559500205,P/LP,1
POLE,S459F,NP_006222:p.Ser459Phe,,0.8378876152158473,-7.85271309627949,,,,,0.9993,,0.418,,,-0.9045800983126808,,,,,0.063,,,,,,-0.3583,,,-0.00138,,,0.001,,,,,,,,,,0.04414,,,0.00138,,0.00138,-0.43022004915634043,P/LP,1
POLD1,A354V,NP_002682:p.Ala354Val,,1.5190740077557196e-23,-0.053154241881645,,,,,0.271,,0.11,,,-0.6655169700984078,,,,,0.269,,,,,,-0.0868,,,,,,0.265,,,,,,,,,,-2.53841,,,,,,-1.601963485049204,B/LB,0
POLD1,G426R,NP_002682:p.Gly426Arg,,5.450334995281648e-08,-1.10009361801314,,,,,0.1876,,0.059,,,0.620761400469079,,,,,0.075,,,,,,-0.1695,,,,,,34.007,,,,,,,,,,4.03703,,,,,,2.3288957002345394,B/LB,0
POLD1,T441K,NP_002682:p.Thr441Lys,,1.4341831674141968e-06,-3.29188080848481,0.02724,-0.08068,,,0.6039,,0.056,-0.18251,0.03679,0.4967758414657009,,,,,0.02,0.21828,,,,,-0.1984,,,,,0.30317,49.54,,,,,,,,,,0.1611,0.69287,0.69287,0.30317,0.30317,0.18251,0.32893792073285044,B/LB,0
POLD1,T446S,NP_002682:p.Thr446Ser,,4.8227165106878844e-14,-0.0556603253282254,,,,,0.0593,,0.09,,,0.8770125450364361,,,,,0.039,,,,,,-0.021,,,,,,30.103,,,,,,,,,,0.21962,,,,,,0.548316272518218,B/LB,0
POLD1,L474P,NP_002682:p.Leu474Pro,,0.863958936691716,-7.12673843809755,,,,,0.9997,,0.913,,,3.350471668685649,,,,,0.073,,,,,,-0.4294,,,,,,19.37,,,,,,,,,,0.8275,,,,,,2.0889858343428243,P/LP,1
POLD1,S478N,NP_002682:p.Ser478Asn,,0.8443266581551686,-6.4464378139756,-0.06519,,,,0.9946,,0.377,,,0.0300390404630469,,,,,0.124,,,,,,-0.2307,,,,,,2.68,,,,,,,,,,0.78564,-0.0016,0.06519,,,,0.4078395202315235,P/LP,1
POLD1,Y517F,NP_002682:p.Tyr517Phe,,2.591848560482357e-07,-0.0678264939113902,,,,,0.0389,,0.097,,,0.0606764426243252,,,,,0.254,,,,,,-0.0545,,,,,,42.144,,,,,,,,,,-0.11569,,,,,,-0.0275067786878374,B/LB,0
POLD1,Y517S,NP_002682:p.Tyr517Ser,,0.0003030367817397,-1.86168843549307,,,,,0.2739,,0.152,,,2.412500539789345,,,,,0.254,,,,,,-0.2499,,,,,,42.144,,,,,,,,,,0.8408,,,,,,1.6266502698946725,B/LB,0
