Gene,Mutation,HGVSp,"Local Int. (Binding with MCM2_7PLO, heterodimer, Rosetta Talaris 2014, kcal/mol) [md]",EVE score,GEMME Score,"Local Int. (Binding with LASP1_AFmulti_Huri, heterodimer, Rosetta Talaris 2014, kcal/mol) [md]","Local Int. With DNA (6S1M_APT, heterodimer, FoldX5, kcal/mol) [md]","Local Int. (Binding with PCNA_9B8T_AC, heterodimer, Rosetta Talaris 2014, kcal/mol) [md]","Local Int. (Binding with PCNA_9B8T_AD, heterodimer, FoldX5, kcal/mol) [md]",AlphaMissense pathogenicity score,"Local Int. (Binding with PCNA_9B8T_AB, heterodimer, FoldX5, kcal/mol) [md]",REVEL score,"Local Int. With DNA (6S1O_APT, heterodimer, FoldX5, kcal/mol) [md]","Local Int. With DNA (6TNZ_APT, heterodimer, FoldX5, kcal/mol) [md]","Stability (RaSP, kcal/mol) [md_25]","Local Int. (Binding with POLD4_AFmulti, heterodimer, Rosetta Talaris 2014, kcal/mol) [md]","Local Int. (Binding with POLE2_7PLO, heterodimer, Rosetta Talaris 2014, kcal/mol) [md]","Local Int. (Binding with CDC45_7PLO, heterodimer, FoldX5, kcal/mol) [md]","Local Int. (Binding with POLD4_AFmulti, heterodimer, FoldX5, kcal/mol) [md]",EFoldMine score,"Local Int. With DNA (6S1N_APT, heterodimer, FoldX5, kcal/mol) [md]","Local Int. (Binding with PCNA_9B8T_AD, heterodimer, Rosetta Talaris 2014, kcal/mol) [md]","Local Int. (Binding with PCNA_AFmulti, heterodimer, FoldX5, kcal/mol) [md]","Local Int. (Binding with MCM5_7PLO, heterodimer, Rosetta Talaris 2014, kcal/mol) [md]","Local Int. With DNA (9B8S_27-1198_retromut_open, heterodimer, FoldX5, kcal/mol) [md]",DeMaSk delta fitness,"Change in stability with PTM (FoldX5, kcal/mol) [md]","Local Int. (Binding with POLE2_7PLO, heterodimer, FoldX5, kcal/mol) [md]","Local Int. With DNA (9F6L_27-1175_mismatch_excision, heterodimer, FoldX5, kcal/mol) [md]","Local Int. With DNA (9B8T_24-1198_retromut_closed, heterodimer, FoldX5, kcal/mol) [md]","Local Int. With DNA (6TNY_APT, heterodimer, FoldX5, kcal/mol) [md]",Relative Side Chain Solvent Accessibility in wild-type (average) [md],"Local Int. (Binding with POLD2_6TNY, heterodimer, FoldX5, kcal/mol) [md]","Local Int. With DNA (9F6K_27-1175_frayed, heterodimer, FoldX5, kcal/mol) [md]","Local Int. With DNA (9F6I_27-1175_retromut_arrest, heterodimer, FoldX5, kcal/mol) [md]","Local Int. (Binding with PCNA_9B8T_AC, heterodimer, FoldX5, kcal/mol) [md]","Local Int. (Binding with CDC45_7PLO, heterodimer, Rosetta Talaris 2014, kcal/mol) [md]","Local Int. (Binding with PCNA_9B8T_AB, heterodimer, Rosetta Talaris 2014, kcal/mol) [md]","Local Int. (Binding with MCM2_7PLO, heterodimer, FoldX5, kcal/mol) [md]","Local Int. (Binding with PCNA_AFmulti, heterodimer, Rosetta Talaris 2014, kcal/mol) [md]","Local Int. (Binding with POLD2_6TNY, heterodimer, Rosetta Talaris 2014, kcal/mol) [md]","Stability (FoldX5, kcal/mol) [md_25]","Local Int. (Binding with LASP1_AFmulti_Huri, heterodimer, FoldX5, kcal/mol) [md]",max_local_int_ddg_protein,max_local_int_ddg_dna,max_local_int_ddg_dna_pos,max_local_int_ddg_dna_neg,stability_combined_ddg,MAVISp_label,MAVISp_label_binary,HGVSp_mavisp,HGVSg,gnomAD genome allele frequency,gnomAD exome allele frequency,REVEL score_mavisp,Mutation sources,"Stability (FoldX5, kcal/mol) [md]","Stability (Rosetta Cartddg2020, kcal/mol) [md]","Stability (RaSP, kcal/mol) [md]","Stability classification, (Rosetta, FoldX) [md]","Stability classification, (RaSP, FoldX) [md]","Stability (FoldX5, kcal/mol, st. dev.) [md]","Stability (Rosetta Cartddg2020, kcal/mol, st. dev.) [md]","Stability (RaSP, kcal/mol, st. dev.) [md]","Stability (RaSP, kcal/mol) [md_25]_mavisp","Stability (FoldX5, kcal/mol) [md_25]_mavisp","Stability classification, (RaSP, FoldX) [md_25]","Stability (RaSP, kcal/mol, st. dev.) [md_25]","Stability (FoldX5, kcal/mol, st. dev.) [md_25]",EFoldMine - part of early folding region,EFoldMine score_mavisp,"Local Int. (Binding with PCNA_9B8T_AD, heterodimer, FoldX5, kcal/mol) [md]_mavisp","Local Int. (Binding with CDC45_7PLO, heterodimer, FoldX5, kcal/mol) [md]_mavisp","Local Int. (Binding with MCM5_7PLO, heterodimer, FoldX5, kcal/mol) [md]","Local Int. (Binding with PCNA_9B8T_AB, heterodimer, FoldX5, kcal/mol) [md]_mavisp","Local Int. (Binding with MCM2_7PLO, heterodimer, FoldX5, kcal/mol) [md]_mavisp","Local Int. (Binding with POLE2_7PLO, heterodimer, FoldX5, kcal/mol) [md]_mavisp","Local Int. (Binding with PCNA_9B8T_AC, heterodimer, FoldX5, kcal/mol) [md]_mavisp","Local Int. (Binding with PCNA_9B8T_AD, heterodimer, Rosetta Talaris 2014, kcal/mol) [md]_mavisp","Local Int. (Binding with CDC45_7PLO, heterodimer, Rosetta Talaris 2014, kcal/mol) [md]_mavisp","Local Int. (Binding with MCM5_7PLO, heterodimer, Rosetta Talaris 2014, kcal/mol) [md]_mavisp","Local Int. (Binding with PCNA_9B8T_AB, heterodimer, Rosetta Talaris 2014, kcal/mol) [md]_mavisp","Local Int. (Binding with MCM2_7PLO, heterodimer, Rosetta Talaris 2014, kcal/mol) [md]_mavisp","Local Int. (Binding with POLE2_7PLO, heterodimer, Rosetta Talaris 2014, kcal/mol) [md]_mavisp","Local Int. (Binding with PCNA_9B8T_AC, heterodimer, Rosetta Talaris 2014, kcal/mol) [md]_mavisp",Local Int. classification (MCM5_7PLO) [md],Local Int. classification (PCNA_9B8T_AD) [md],Local Int. classification (PCNA_9B8T_AB) [md],Local Int. classification (CDC45_7PLO) [md],Local Int. classification (POLE2_7PLO) [md],Local Int. classification (MCM2_7PLO) [md],Local Int. classification (PCNA_9B8T_AC) [md],"Local Int. With DNA (9F6I_27-1175_retromut_arrest, heterodimer, FoldX5, kcal/mol) [md]_mavisp","Local Int. With DNA (9B8T_24-1198_retromut_closed, heterodimer, FoldX5, kcal/mol) [md]_mavisp","Local Int. With DNA (9F6K_27-1175_frayed, heterodimer, FoldX5, kcal/mol) [md]_mavisp","Local Int. With DNA (9F6L_27-1175_mismatch_excision, heterodimer, FoldX5, kcal/mol) [md]_mavisp","Local Int. With DNA (9B8S_27-1198_retromut_open, heterodimer, FoldX5, kcal/mol) [md]_mavisp",Local Int. With DNA classification (9F6I_27-1175_retromut_arrest) [md],Local Int. With DNA classification (9B8T_24-1198_retromut_closed) [md],Local Int. With DNA classification (9B8S_27-1198_retromut_open) [md],Local Int. With DNA classification (9F6K_27-1175_frayed) [md],Local Int. With DNA classification (9F6L_27-1175_mismatch_excision) [md],Relative Side Chain Solvent Accessibility in wild-type (average) [md]_mavisp,Relative Side Chain Solvent Accessibility in wild-type (standard deviation) [md],PTMs [md],is site part of phospho-SLiM [md],PTM residue SASA (%) [md],"Change in stability with PTM (FoldX5, kcal/mol) [md]_mavisp",PTM effect in regulation [md],PTM effect in stability [md],PTM effect in function [md],AlloSigma2-PSN classification - pockets and interfaces [md],Functional sites (cofactor),Functional sites (active site),ClinVar Variation ID,ClinVar Interpretation,ClinVar Review Status,AlphaFold2 model pLDDT score,AlphaFold2 model secondary structure,DeMaSk delta fitness_mavisp,DeMaSk Shannon entropy,DeMaSk log2 variant frequency,GEMME Score_mavisp,EVE score_mavisp,EVE classification (25% Uncertain),AlphaMissense pathogenicity score_mavisp,AlphaMissense classification,"Experimental data (miscellaneous, Functional (POLED_DB))","Experimental data classification (miscellaneous, Functional (POLED_DB))",References,"Local Int. (Binding with LASP1_AFmulti_Huri, heterodimer, FoldX5, kcal/mol) [md]_mavisp","Local Int. (Binding with PCNA_AFmulti, heterodimer, FoldX5, kcal/mol) [md]_mavisp","Local Int. (Binding with POLD4_AFmulti, heterodimer, FoldX5, kcal/mol) [md]_mavisp","Local Int. (Binding with POLD2_6TNY, heterodimer, FoldX5, kcal/mol) [md]_mavisp","Local Int. (Binding with LASP1_AFmulti_Huri, heterodimer, Rosetta Talaris 2014, kcal/mol) [md]_mavisp","Local Int. (Binding with PCNA_AFmulti, heterodimer, Rosetta Talaris 2014, kcal/mol) [md]_mavisp","Local Int. (Binding with POLD4_AFmulti, heterodimer, Rosetta Talaris 2014, kcal/mol) [md]_mavisp","Local Int. (Binding with POLD2_6TNY, heterodimer, Rosetta Talaris 2014, kcal/mol) [md]_mavisp",Local Int. classification (LASP1_AFmulti_Huri) [md],Local Int. classification (PCNA_AFmulti) [md],Local Int. classification (POLD4_AFmulti) [md],Local Int. classification (POLD2_6TNY) [md],"Local Int. With DNA (6TNY_APT, heterodimer, FoldX5, kcal/mol) [md]_mavisp","Local Int. With DNA (6TNZ_APT, heterodimer, FoldX5, kcal/mol) [md]_mavisp","Local Int. With DNA (6S1N_APT, heterodimer, FoldX5, kcal/mol) [md]_mavisp","Local Int. With DNA (6S1M_APT, heterodimer, FoldX5, kcal/mol) [md]_mavisp","Local Int. With DNA (6S1O_APT, heterodimer, FoldX5, kcal/mol) [md]_mavisp",Local Int. With DNA classification (6TNY_APT) [md],Local Int. With DNA classification (6S1M_APT) [md],Local Int. With DNA classification (6S1O_APT) [md],Local Int. With DNA classification (6S1N_APT) [md],Local Int. With DNA classification (6TNZ_APT) [md],AlloSigma2-PSN classification - active sites [md],AlloSigma2-PSN classification - cofactor sites [md]
POLE,S297F,NP_006222:p.Ser297Phe,,0.8392992047827125,-7.16702948342734,,,,,0.9992,,0.799,,,-0.6614860855376243,,,,,0.31,,,,,,-0.3582,,,-0.002,,,28.492,,,,,,,,,,4.36434,,,0.002,,0.002,1.851426957231188,P/LP,1,NP_006222:p.Ser297Phe,"hg19,12:g.132676565G>A, hg19,12:g.133253151G>A, hg38,12:g.132676565G>A",,,0.799,"cBioPortal,COSMIC,clinvar,saturation_mutlist",4.36434,1.6731300000000002,-1.1200633561606663,Uncertain,Uncertain,3.30107,1.4327453469708658,0.2820218726609311,-0.6614860855376243,4.36434,Uncertain,0.7922418967243228,3.30107,True,0.31,,,,,,,,,,,,,,,Uncertain,Uncertain,Uncertain,Uncertain,Uncertain,Uncertain,Uncertain,,,,-0.002,,Uncertain,Uncertain,Uncertain,Uncertain,Neutral,28.492,18.09,,False,28.492,,uncertain,,,neutral,neutral,neutral,2769715,Likely pathogenic,1,96.51,E,-0.3582,0.0001,-22.1825,-7.16702948342734,0.8392992047827125,Pathogenic,0.9992,pathogenic,significant,damaging,"https://doi.org/10.1101/2022.10.22.513328,https://doi.org/10.1101/2025.08.04.653638",,,,,,,,,,,,,,,,,,,,,,,,
POLE,A341V,NP_006222:p.Ala341Val,,9.857672580876121e-15,-0.0289273635874039,,,,,0.0662,,0.064,,,0.0009397784137493,,,,,0.02,,,,,,0.0582,,,,,,0.393,,,,,,,,,,0.79372,,,,,,0.3973298892068746,B/LB,0,NP_006222:p.Ala341Val,"hg19,12:g.133252405G>A, hg38,12:g.132675819G>A",,,0.064,"clinvar,saturation_mutlist",0.79372,,0.1021609233820732,,Neutral,0.60847,,0.1327176491084742,0.0009397784137493,0.79372,Neutral,0.3077023004557261,0.60847,False,0.02,,,,,,,,,,,,,,,,,,,,,,,,,,,,,,,,0.393,0.874,,False,0.393,,neutral,neutral,neutral,neutral,neutral,neutral,3935726,Likely benign,1,94.3,H,0.0582,2.9228,-3.1135,-0.0289273635874039,9.857672580876121e-15,Benign,0.0662,benign,,,"https://doi.org/10.1101/2022.10.22.513328,https://doi.org/10.1101/2025.08.04.653638",,,,,,,,,,,,,,,,,,,,,,,,
POLE,N363K,NP_006222:p.Asn363Lys,,0.8566721852711945,-7.07752795972421,,,,,0.9948,,0.735,,,0.7999013914291774,,,,,0.026,,,,,,-0.3278,,,-1.64034,,,29.077,,1.20573,,,,,,,,-0.47493,,,1.64034,1.20573,1.64034,0.1624856957145886,P/LP,1,NP_006222:p.Asn363Lys,"hg19,12:g.133252338G>C, hg38,12:g.132675752G>C",,,0.735,"clinvar,saturation_mutlist",-0.47493,,1.030512937205536,,Neutral,0.58195,,0.2449278803301589,0.7999013914291774,-0.47493,Neutral,0.267558608588496,0.58195,False,0.026,,,,,,,,,,,,,,,Uncertain,Uncertain,Uncertain,Uncertain,Uncertain,Uncertain,Uncertain,,,1.20573,-1.64034,,Uncertain,Uncertain,Uncertain,Destabilizing,Stabilizing,29.077,13.205,,False,29.077,,neutral,neutral,neutral,neutral,neutral,neutral,420748,Likely pathogenic,1,92.18,S,-0.3278,0.0437,-22.1765,-7.07752795972421,0.8566721852711945,Pathogenic,0.9948,pathogenic,significant,damaging,"https://doi.org/10.1101/2022.10.22.513328,https://doi.org/10.1101/2025.08.04.653638",,,,,,,,,,,,,,,,,,,,,,,,
POLE,L424V,NP_006222:p.Leu424Val,,0.8564462808533373,-4.59337450435688,,,,,0.9565,,0.654,,,1.3127567814486767,,,,,0.018,,,,,,-0.3297,,,-0.38607,,,31.001,,0.08975,,,,,,,,2.00102,,,0.38607,0.08975,0.38607,1.6568883907243384,P/LP,1,NP_006222:p.Leu424Val,"hg19,12:g.132673664G>C, hg19,12:g.133250250G>C, hg38,12:g.132673664G>C",,,0.654,"cBioPortal,COSMIC,clinvar,saturation_mutlist",2.00102,2.02857,1.1007610352083237,Uncertain,Uncertain,0.43469,0.7948260869313906,0.4216176321377308,1.3127567814486767,2.00102,Uncertain,0.2722179315340944,0.43469,False,0.018,,,,,,,,,,,,,,,Uncertain,Uncertain,Uncertain,Uncertain,Uncertain,Uncertain,Uncertain,,,0.08975,-0.38607,,Uncertain,Uncertain,Uncertain,Neutral,Neutral,31.001,12.655,,False,31.001,,neutral,neutral,neutral,neutral,neutral,neutral,"40046, 40046","Pathogenic, Likely oncogenic","2, 1",87.13,H,-0.3297,0.0001,-22.1946,-4.59337450435688,0.8564462808533373,Pathogenic,0.9565,pathogenic,significant,damaging,"https://doi.org/10.1101/2022.10.22.513328,https://doi.org/10.1101/2025.08.04.653638",,,,,,,,,,,,,,,,,,,,,,,,
POLE,P436R,NP_006222:p.Pro436Arg,,0.7926652080874252,-7.63862987923032,,,,,0.9966,,0.592,,,0.123170207328654,,,,,0.025,,,,,,-0.3973,,,,,,0.0,,,,,,,,,,3.13134,,,,,,1.6272551036643268,P/LP,1,NP_006222:p.Pro436Arg,"hg19,12:g.132673627G>C, hg19,12:g.133250213G>C, hg38,12:g.132673627G>C",,,0.592,"cBioPortal,COSMIC,clinvar,saturation_mutlist",3.13134,5.04932,0.1018113175599396,Destabilizing,Uncertain,1.57321,0.5241650568920695,0.1657110002649306,0.123170207328654,3.13134,Uncertain,0.5158003634049041,1.57321,False,0.025,,,,,,,,,,,,,,,,,,,,,,,,,,,,,,,,0.0,0.008,,True,0.0,,neutral,neutral,neutral,neutral,neutral,neutral,221168,Likely pathogenic,1,83.95,-,-0.3973,0.0001,-22.1976,-7.63862987923032,0.7926652080874252,Pathogenic,0.9966,pathogenic,significant,damaging,"https://doi.org/10.1101/2022.10.22.513328,https://doi.org/10.1101/2025.08.04.653638",,,,,,,,,,,,,,,,,,,,,,,,
POLE,P436S,NP_006222:p.Pro436Ser,,0.8553129465706379,-7.63862987923032,,,,,0.9939,,0.524,,,0.5524348386441664,,,,,0.025,,,,,,-0.3272,,,,,,0.0,,,,,,,,,,2.22269,,,,,,1.3875624193220832,P/LP,1,NP_006222:p.Pro436Ser,"hg19,12:g.133250214G>A, hg38,12:g.132673628G>A",,,0.524,"cBioPortal,COSMIC,clinvar,saturation_mutlist",2.22269,1.76406,0.6330190216729229,Uncertain,Uncertain,0.54628,0.2203235608523669,0.238981397521872,0.5524348386441664,2.22269,Uncertain,0.4200029738648302,0.54628,False,0.025,,,,,,,,,,,,,,,,,,,,,,,,,,,,,,,,0.0,0.008,,True,0.0,,neutral,neutral,neutral,neutral,neutral,neutral,928703,Likely pathogenic,1,83.95,-,-0.3272,0.0001,-22.1976,-7.63862987923032,0.8553129465706379,Pathogenic,0.9939,pathogenic,,,"https://doi.org/10.1101/2022.10.22.513328,https://doi.org/10.1101/2025.08.04.653638",,,,,,,,,,,,,,,,,,,,,,,,
POLE,Y458F,NP_006222:p.Tyr458Phe,,0.8570469189914263,-4.72104763930477,,,,,0.87,,0.492,,,0.12821784807133,,,,,0.091,,,,,,-0.2893,,,0.0,,,9.576,,,,,,,,,,-0.05752,,,0.0,,,0.0353489240356649,P/LP,1,NP_006222:p.Tyr458Phe,"hg19,12:g.133249850T>A, hg38,12:g.132673264T>A",,,0.492,"clinvar,saturation_mutlist",-0.05752,,0.3315063260035686,,Neutral,0.51224,,0.2530108688295854,0.12821784807133,-0.05752,Neutral,0.2650367280244115,0.51224,False,0.091,,,,,,,,,,,,,,,,,,,,,,,,,0.0,,,,,,Neutral,9.576,6.402,,True,9.576,,uncertain,,,uncertain,neutral,neutral,3340205,Likely pathogenic,1,91.44,H,-0.2893,0.0001,-22.1976,-4.72104763930477,0.8570469189914263,Pathogenic,0.87,pathogenic,significant,damaging,"https://doi.org/10.1101/2022.10.22.513328,https://doi.org/10.1101/2025.08.04.653638",,,,,,,,,,,,,,,,,,,,,,,,
POLE,Y458H,NP_006222:p.Tyr458His,,0.8566932634654797,-4.72104763930477,,,,,0.999,,0.635,,,1.7666875119000411,,,,,0.091,,,,,,-0.3595,,,0.0,,,9.576,,,,,,,,,,1.95225,,,0.0,,,1.8594687559500205,P/LP,1,NP_006222:p.Tyr458His,"hg19,12:g.133249851A>G, hg38,12:g.132673265A>G",,,0.635,"cBioPortal,COSMIC,clinvar,saturation_mutlist",1.95225,,1.7798684993760376,,Neutral,0.50572,,0.2755369049512804,1.7666875119000411,1.95225,Neutral,0.3837699658905062,0.50572,False,0.091,,,,,,,,,,,,,,,,,,,,,,,,,0.0,,,,,,Neutral,9.576,6.402,,True,9.576,,uncertain,,,neutral,neutral,neutral,3391117,Likely pathogenic,1,91.44,H,-0.3595,0.0001,-22.1976,-4.72104763930477,0.8566932634654797,Pathogenic,0.999,pathogenic,,,"https://doi.org/10.1101/2022.10.22.513328,https://doi.org/10.1101/2025.08.04.653638",,,,,,,,,,,,,,,,,,,,,,,,
POLE,S459F,NP_006222:p.Ser459Phe,,0.8378876152158473,-7.85271309627949,,,,,0.9993,,0.418,,,-0.9045800983126808,,,,,0.063,,,,,,-0.3583,,,-0.00138,,,0.001,,,,,,,,,,0.04414,,,0.00138,,0.00138,-0.4302200491563404,P/LP,1,NP_006222:p.Ser459Phe,"hg19,12:g.132673261G>A, hg19,12:g.133249847G>A, hg38,12:g.132673261G>A",,,0.418,"cBioPortal,COSMIC,clinvar,saturation_mutlist",0.04414,,-1.0073152987392135,,Neutral,2.78426,,0.1487867135087368,-0.9045800983126808,0.04414,Neutral,0.6624781519706306,2.78426,False,0.063,,,,,,,,,,,,,,,,,,,,,,,,,-0.00138,,,,,,Neutral,0.001,0.021,,True,0.001,,uncertain,,,neutral,neutral,neutral,2836186,Pathogenic,1,93.06,H,-0.3583,0.0001,-22.1976,-7.85271309627949,0.8378876152158473,Pathogenic,0.9993,pathogenic,significant,damaging,"https://doi.org/10.1101/2022.10.22.513328,https://doi.org/10.1101/2025.08.04.653638",,,,,,,,,,,,,,,,,,,,,,,,
POLD1,A354V,NP_002682:p.Ala354Val,,1.5190740077557196e-23,-0.053154241881645,,,,,0.271,,0.11,,,-0.6655169700984078,,,,,0.269,,,,,,-0.0868,,,,,,0.265,,,,,,,,,,-2.53841,,,,,,-1.601963485049204,B/LB,0,NP_002682:p.Ala354Val,"hg19,19:g.50403143C>T, hg19,19:g.50906400C>T, hg38,19:g.50403143C>T",0.0004145936981758,0.0001073332458766,0.110,"cBioPortal,COSMIC,clinvar,saturation_mutlist",-2.53841,,-1.081253871255618,,Uncertain,1.12608,,0.1743474600251356,-0.6655169700984078,-2.53841,Uncertain,0.321445454153499,1.12608,True,0.269,,,,,,,,,,,,,,,,,,,,,,,,,,,,,,,,0.265,0.737,,True,0.265,,neutral,neutral,neutral,neutral,neutral,neutral,239218,Benign/Likely benign,2,97.45,E,-0.0868,1.2029,-0.5296,-0.053154241881645,1.5190740077557196e-23,Benign,0.271,benign,,,"https://doi.org/10.1101/2022.10.22.513328,https://doi.org/10.1101/2025.08.04.653638",,,,,,,,,,,,,,,,,,,,,,,neutral,neutral
POLD1,G426R,NP_002682:p.Gly426Arg,,5.450334995281649e-08,-1.10009361801314,,,,,0.1876,,0.059,,,0.620761400469079,,,,,0.075,,,,,,-0.1695,,,,,,34.007,,,,,,,,,,4.03703,,,,,,2.3288957002345394,B/LB,0,NP_002682:p.Gly426Arg,"hg19,19:g.50909472G>C, hg38,19:g.50406215G>C",,,0.059,"clinvar,saturation_mutlist",4.03703,,0.6457849006067822,,Uncertain,4.39843,,0.2010925926748619,0.620761400469079,4.03703,Uncertain,0.7601806099447536,4.39843,False,0.075,,,,,,,,,,,,,,,,,,,,,,,,,,,,,,,,34.007,31.084,,False,34.007,,neutral,neutral,neutral,neutral,neutral,neutral,3222692,Likely benign,1,88.56,T,-0.1695,2.2564,-5.9542,-1.10009361801314,5.4503349952816474e-08,Benign,0.1876,benign,,,"https://doi.org/10.1101/2022.10.22.513328,https://doi.org/10.1101/2025.08.04.653638",,,,,,,,,Uncertain,Uncertain,Uncertain,Uncertain,,,,,,Uncertain,Uncertain,Uncertain,Uncertain,Uncertain,neutral,neutral
POLD1,T441K,NP_002682:p.Thr441Lys,,1.4341831674141968e-06,-3.29188080848481,0.02724,-0.08068,,,0.6039,,0.056,-0.18251,0.03679,0.4967758414657009,,,,,0.02,0.21828,,,,,-0.1984,,,,,0.30317,49.54,,,,,,,,,,0.1611,0.69287,0.69287,0.30317,0.30317,0.18251,0.3289379207328504,B/LB,0,NP_002682:p.Thr441Lys,"hg19,19:g.50909518C>A, hg38,19:g.50406261C>A",,,0.056,"clinvar,saturation_mutlist",0.1611,,0.3000601249208574,,Neutral,0.84969,,0.4020529826268035,0.4967758414657009,0.1611,Neutral,0.5028678965484505,0.84969,False,0.02,,,,,,,,,,,,,,,,,,,,,,,,,,,,,,,,49.54,26.191,,False,49.54,,uncertain,,,neutral,neutral,neutral,3222694,Likely benign,1,54.07,T,-0.1984,2.2551,-22.2477,-3.29188080848481,1.4341831674141968e-06,Benign,0.6039,pathogenic,,,"https://doi.org/10.1101/2022.10.22.513328,https://doi.org/10.1101/2025.08.04.653638",0.69287,,,,0.02724,,,,Neutral,Uncertain,Uncertain,Uncertain,0.30317,0.03679,0.21828,-0.08068,-0.18251,Neutral,Neutral,Neutral,Neutral,Neutral,neutral,neutral
POLD1,T446S,NP_002682:p.Thr446Ser,,4.8227165106878844e-14,-0.0556603253282254,,,,,0.0593,,0.09,,,0.8770125450364361,,,,,0.039,,,,,,-0.021,,,,,,30.103,,,,,,,,,,0.21962,,,,,,0.548316272518218,B/LB,0,NP_002682:p.Thr446Ser,"hg19,19:g.50909532A>T, hg38,19:g.50406275A>T",,,0.090,"clinvar,saturation_mutlist",0.21962,,0.8830005846049594,,Neutral,0.29472,,0.2322577064462609,0.8770125450364361,0.21962,Neutral,0.2847069859018619,0.29472,False,0.039,,,,,,,,,,,,,,,,,,,,,,,,,,,,,,,,30.103,16.291,,True,30.103,,neutral,,,neutral,neutral,neutral,3935593,Likely benign,1,79.64,E,-0.021,1.7229,-1.2834,-0.0556603253282254,4.8227165106878844e-14,Benign,0.0593,benign,,,"https://doi.org/10.1101/2022.10.22.513328,https://doi.org/10.1101/2025.08.04.653638",,,,,,,,,Uncertain,Uncertain,Uncertain,Uncertain,,,,,,Uncertain,Uncertain,Uncertain,Uncertain,Uncertain,neutral,neutral
POLD1,L474P,NP_002682:p.Leu474Pro,,0.863958936691716,-7.12673843809755,,,,,0.9997,,0.913,,,3.350471668685649,,,,,0.073,,,,,,-0.4294,,,,,,19.37,,,,,,,,,,0.8275,,,,,,2.0889858343428243,P/LP,1,NP_002682:p.Leu474Pro,"hg19,19:g.50909701T>C, hg38,19:g.50406444T>C",,,0.913,"clinvar,saturation_mutlist",0.8275,2.2665533333333334,4.212601217563131,Uncertain,Uncertain,0.58518,0.4384825105849592,1.1459473966080151,3.350471668685649,0.8275,Uncertain,0.8755033646424198,0.58518,False,0.073,,,,,,,,,,,,,,,,,,,,,,,,,,,,,,,,19.37,6.628,,True,19.37,,neutral,neutral,neutral,neutral,neutral,neutral,144003,Pathogenic/Likely pathogenic,2,92.14,H,-0.4294,0.0626,-8.9628,-7.12673843809755,0.863958936691716,Pathogenic,0.9997,pathogenic,significant,damaging,"https://doi.org/10.1101/2022.10.22.513328,https://doi.org/10.1101/2025.08.04.653638",,,,,,,,,,,,,,,,,,,,,,,neutral,neutral
POLD1,S478N,NP_002682:p.Ser478Asn,,0.8443266581551686,-6.4464378139756,-0.06519,,,,0.9946,,0.377,,,0.0300390404630469,,,,,0.124,,,,,,-0.2307,,,,,,2.68,,,,,,,,,,0.78564,-0.0016,0.06519,,,,0.4078395202315235,P/LP,1,NP_002682:p.Ser478Asn,"hg19,19:g.50406456G>A, hg19,19:g.50909713G>A, hg38,19:g.50406456G>A",,,0.377,"cBioPortal,COSMIC,clinvar,saturation_mutlist",0.78564,,-0.1503351522616725,,Neutral,0.75913,,0.2307823938152013,0.0300390404630469,0.78564,Neutral,0.4621742096659771,0.75913,False,0.124,,,,,,,,,,,,,,,,,,,,,,,,,,,,,,,,2.68,2.529,,True,2.68,,uncertain,,,neutral,neutral,neutral,40044,Pathogenic/Likely pathogenic,2,91.67,H,-0.2307,0.7835,-22.2477,-6.4464378139756,0.8443266581551686,Pathogenic,0.9946,pathogenic,significant,damaging,"https://doi.org/10.1101/2022.10.22.513328,https://doi.org/10.1101/2025.08.04.653638",-0.0016,,,,-0.06519,,,,Neutral,,,,,,,,,,,,,,neutral,neutral
POLD1,Y517F,NP_002682:p.Tyr517Phe,,2.591848560482357e-07,-0.0678264939113902,,,,,0.0389,,0.097,,,0.0606764426243252,,,,,0.254,,,,,,-0.0545,,,,,,42.144,,,,,,,,,,-0.11569,,,,,,-0.0275067786878374,B/LB,0,NP_002682:p.Tyr517Phe,"hg19,19:g.50910295A>T, hg38,19:g.50407038A>T",,,0.097,"clinvar,saturation_mutlist",-0.11569,,-0.0378673325343363,,Neutral,0.42358,,0.1603277580058052,0.0606764426243252,-0.11569,Neutral,0.1896353749598937,0.42358,True,0.254,,,,,,,,,,,,,,,,,,,,,,,,,,,,,,,,42.144,8.728,,True,42.144,,uncertain,,,uncertain,neutral,neutral,3422014,Likely benign,1,96.23,H,-0.0545,1.512,-3.4393,-0.0678264939113902,2.591848560482357e-07,Benign,0.0389,benign,,,"https://doi.org/10.1101/2022.10.22.513328,https://doi.org/10.1101/2025.08.04.653638",,,,,,,,,Uncertain,Uncertain,Uncertain,Uncertain,,,,,,Uncertain,Uncertain,Uncertain,Uncertain,Uncertain,uncertain,uncertain
POLD1,Y517S,NP_002682:p.Tyr517Ser,,0.0003030367817397,-1.86168843549307,,,,,0.2739,,0.152,,,2.412500539789345,,,,,0.254,,,,,,-0.2499,,,,,,42.144,,,,,,,,,,0.8408,,,,,,1.6266502698946723,B/LB,0,NP_002682:p.Tyr517Ser,"hg19,19:g.50910295A>C, hg38,19:g.50407038A>C",,0.0003339798324467,0.152,"cBioPortal,clinvar,saturation_mutlist",0.8408,,2.677469918431333,,Uncertain,0.51228,,0.1697559320157801,2.412500539789345,0.8408,Uncertain,0.4435025733002183,0.51228,True,0.254,,,,,,,,,,,,,,,,,,,,,,,,,,,,,,,,42.144,8.728,,True,42.144,,uncertain,,,neutral,neutral,neutral,3421956,Likely benign,1,96.23,H,-0.2499,1.512,-8.9628,-1.86168843549307,0.0003030367817397,Benign,0.2739,benign,,,"https://doi.org/10.1101/2022.10.22.513328,https://doi.org/10.1101/2025.08.04.653638",,,,,,,,,Uncertain,Uncertain,Uncertain,Uncertain,,,,,,Uncertain,Uncertain,Uncertain,Uncertain,Uncertain,neutral,neutral
